{
  "version": 2,
  "builds": [
    {
      "src": "api/**/*.js",
      "use": "@vercel/node"
    },
    {
      "src": "public/**",
      "use": "@vercel/static"
    }
  ],
  "routes": [
    { "src": "/api/(.*)", "dest": "/api/$1" },
    { "src": "/admin", "dest": "/public/admin.html" },
    { "src": "/css/(.*)", "dest": "/public/css/$1" },
    { "src": "/js/(.*)", "dest": "/public/js/$1" },
    { "src": "/(.*)", "dest": "/public/index.html" }
  ],
  "env": {
    "SUPABASE_URL": "@supabase_url",
    "SUPABASE_SERVICE_KEY": "@supabase_service_key",
    "ADMIN_PASSWORD": "@admin_password"
  }
}
